{
  "Author": "YourName",
  "Name": "Sprout Tracker",
  "InternalName": "SproutTracker",
  "AssemblyVersion": "1.0.0.0",
  "Description": "Displays information about sprouts and returning players in your current party and surrounding area, helping mentors and helpful players identify who might need assistance.",
  "ApplicableVersion": "any",
  "Tags": [
    "sprout",
    "newplayer",
    "mentor",
    "utility"
  ],
  "DalamudApiLevel": 12,
  "LoadRequiredState": 0,
  "LoadSync": false,
  "CanUnloadAsync": false,
  "LoadPriority": 0,
  "Punchline": "Track new and returning players in your party and area",
  "AcceptsFeedback": true
}